task_count,avg_runtime_sec,cumulative_avg_runtime_sec,num_instances
83,0.00013199966633692384,0.00013199966633692384,6
111,0.00019811600005985902,0.0003301156663967829,14
