task_count,avg_runtime_sec,cumulative_avg_runtime_sec,num_instances
83,0.0006162291683722287,0.0006162291683722287,6
111,0.0008726070768066815,0.0014888362451789103,14
